path,image,relpath,label,source
C:\Users\pen253\OneDrive - CSIRO\2022\Bytes for Bites Hackathon\Python-Marbling\images\Choice-Moderate.png,Choice-Moderate.png,Choice-Moderate.png,Choice,filename:choice
C:\Users\pen253\OneDrive - CSIRO\2022\Bytes for Bites Hackathon\Python-Marbling\images\Choice-Moderate.png,Choice-Moderate.png,Choice-Moderate.png,Choice,filename:choice
C:\Users\pen253\OneDrive - CSIRO\2022\Bytes for Bites Hackathon\Python-Marbling\images\Choice-Modest.png,Choice-Modest.png,Choice-Modest.png,Choice,filename:choice
C:\Users\pen253\OneDrive - CSIRO\2022\Bytes for Bites Hackathon\Python-Marbling\images\Choice-Modest.png,Choice-Modest.png,Choice-Modest.png,Choice,filename:choice
C:\Users\pen253\OneDrive - CSIRO\2022\Bytes for Bites Hackathon\Python-Marbling\images\Choice-Small.png,Choice-Small.png,Choice-Small.png,Choice,filename:choice
C:\Users\pen253\OneDrive - CSIRO\2022\Bytes for Bites Hackathon\Python-Marbling\images\Choice-Small.png,Choice-Small.png,Choice-Small.png,Choice,filename:choice
C:\Users\pen253\OneDrive - CSIRO\2022\Bytes for Bites Hackathon\Python-Marbling\images\Choice.png,Choice.png,Choice.png,Choice,filename:choice
C:\Users\pen253\OneDrive - CSIRO\2022\Bytes for Bites Hackathon\Python-Marbling\images\Choice.png,Choice.png,Choice.png,Choice,filename:choice
C:\Users\pen253\OneDrive - CSIRO\2022\Bytes for Bites Hackathon\Python-Marbling\images\Prime-ModeratelyAbundant.png,Prime-ModeratelyAbundant.png,Prime-ModeratelyAbundant.png,Prime,filename:prime
C:\Users\pen253\OneDrive - CSIRO\2022\Bytes for Bites Hackathon\Python-Marbling\images\Prime-ModeratelyAbundant.png,Prime-ModeratelyAbundant.png,Prime-ModeratelyAbundant.png,Prime,filename:prime
C:\Users\pen253\OneDrive - CSIRO\2022\Bytes for Bites Hackathon\Python-Marbling\images\Prime-SlightlyAbundant.png,Prime-SlightlyAbundant.png,Prime-SlightlyAbundant.png,Prime,filename:prime
C:\Users\pen253\OneDrive - CSIRO\2022\Bytes for Bites Hackathon\Python-Marbling\images\Prime-SlightlyAbundant.png,Prime-SlightlyAbundant.png,Prime-SlightlyAbundant.png,Prime,filename:prime
C:\Users\pen253\OneDrive - CSIRO\2022\Bytes for Bites Hackathon\Python-Marbling\images\Prime1.png,Prime1.png,Prime1.png,Prime,filename:prime
C:\Users\pen253\OneDrive - CSIRO\2022\Bytes for Bites Hackathon\Python-Marbling\images\Prime1.png,Prime1.png,Prime1.png,Prime,filename:prime
C:\Users\pen253\OneDrive - CSIRO\2022\Bytes for Bites Hackathon\Python-Marbling\images\Select-Slight.png,Select-Slight.png,Select-Slight.png,Select,filename:select
C:\Users\pen253\OneDrive - CSIRO\2022\Bytes for Bites Hackathon\Python-Marbling\images\Select-Slight.png,Select-Slight.png,Select-Slight.png,Select,filename:select
C:\Users\pen253\OneDrive - CSIRO\2022\Bytes for Bites Hackathon\Python-Marbling\images\Select.jpeg,Select.jpeg,Select.jpeg,Select,filename:select
C:\Users\pen253\OneDrive - CSIRO\2022\Bytes for Bites Hackathon\Python-Marbling\images\Select.jpeg,Select.jpeg,Select.jpeg,Select,filename:select
C:\Users\pen253\OneDrive - CSIRO\2022\Bytes for Bites Hackathon\Python-Marbling\images\Select.png,Select.png,Select.png,Select,filename:select
C:\Users\pen253\OneDrive - CSIRO\2022\Bytes for Bites Hackathon\Python-Marbling\images\Select.png,Select.png,Select.png,Select,filename:select
C:\Users\pen253\OneDrive - CSIRO\2022\Bytes for Bites Hackathon\Python-Marbling\images\Wagyu-scaled.jpg,Wagyu-scaled.jpg,Wagyu-scaled.jpg,Wagyu,filename:wagyu
C:\Users\pen253\OneDrive - CSIRO\2022\Bytes for Bites Hackathon\Python-Marbling\images\Wagyu-scaled.jpg,Wagyu-scaled.jpg,Wagyu-scaled.jpg,Wagyu,filename:wagyu
C:\Users\pen253\OneDrive - CSIRO\2022\Bytes for Bites Hackathon\Python-Marbling\images\Wagyu1.png,Wagyu1.png,Wagyu1.png,Wagyu,filename:wagyu
C:\Users\pen253\OneDrive - CSIRO\2022\Bytes for Bites Hackathon\Python-Marbling\images\Wagyu1.png,Wagyu1.png,Wagyu1.png,Wagyu,filename:wagyu
C:\Users\pen253\OneDrive - CSIRO\2022\Bytes for Bites Hackathon\Python-Marbling\images\Wagyu10.png,Wagyu10.png,Wagyu10.png,Wagyu,filename:wagyu
C:\Users\pen253\OneDrive - CSIRO\2022\Bytes for Bites Hackathon\Python-Marbling\images\Wagyu10.png,Wagyu10.png,Wagyu10.png,Wagyu,filename:wagyu
C:\Users\pen253\OneDrive - CSIRO\2022\Bytes for Bites Hackathon\Python-Marbling\images\Wagyu100.png,Wagyu100.png,Wagyu100.png,Wagyu,filename:wagyu
C:\Users\pen253\OneDrive - CSIRO\2022\Bytes for Bites Hackathon\Python-Marbling\images\Wagyu100.png,Wagyu100.png,Wagyu100.png,Wagyu,filename:wagyu
C:\Users\pen253\OneDrive - CSIRO\2022\Bytes for Bites Hackathon\Python-Marbling\images\Wagyu101.png,Wagyu101.png,Wagyu101.png,Wagyu,filename:wagyu
C:\Users\pen253\OneDrive - CSIRO\2022\Bytes for Bites Hackathon\Python-Marbling\images\Wagyu101.png,Wagyu101.png,Wagyu101.png,Wagyu,filename:wagyu
C:\Users\pen253\OneDrive - CSIRO\2022\Bytes for Bites Hackathon\Python-Marbling\images\Wagyu102.png,Wagyu102.png,Wagyu102.png,Wagyu,filename:wagyu
C:\Users\pen253\OneDrive - CSIRO\2022\Bytes for Bites Hackathon\Python-Marbling\images\Wagyu102.png,Wagyu102.png,Wagyu102.png,Wagyu,filename:wagyu
C:\Users\pen253\OneDrive - CSIRO\2022\Bytes for Bites Hackathon\Python-Marbling\images\Wagyu103.png,Wagyu103.png,Wagyu103.png,Wagyu,filename:wagyu
C:\Users\pen253\OneDrive - CSIRO\2022\Bytes for Bites Hackathon\Python-Marbling\images\Wagyu103.png,Wagyu103.png,Wagyu103.png,Wagyu,filename:wagyu
C:\Users\pen253\OneDrive - CSIRO\2022\Bytes for Bites Hackathon\Python-Marbling\images\Wagyu104.png,Wagyu104.png,Wagyu104.png,Wagyu,filename:wagyu
C:\Users\pen253\OneDrive - CSIRO\2022\Bytes for Bites Hackathon\Python-Marbling\images\Wagyu104.png,Wagyu104.png,Wagyu104.png,Wagyu,filename:wagyu
C:\Users\pen253\OneDrive - CSIRO\2022\Bytes for Bites Hackathon\Python-Marbling\images\Wagyu105.png,Wagyu105.png,Wagyu105.png,Wagyu,filename:wagyu
C:\Users\pen253\OneDrive - CSIRO\2022\Bytes for Bites Hackathon\Python-Marbling\images\Wagyu105.png,Wagyu105.png,Wagyu105.png,Wagyu,filename:wagyu
C:\Users\pen253\OneDrive - CSIRO\2022\Bytes for Bites Hackathon\Python-Marbling\images\Wagyu106.jpg,Wagyu106.jpg,Wagyu106.jpg,Wagyu,filename:wagyu
C:\Users\pen253\OneDrive - CSIRO\2022\Bytes for Bites Hackathon\Python-Marbling\images\Wagyu106.jpg,Wagyu106.jpg,Wagyu106.jpg,Wagyu,filename:wagyu
C:\Users\pen253\OneDrive - CSIRO\2022\Bytes for Bites Hackathon\Python-Marbling\images\Wagyu108.jpg,Wagyu108.jpg,Wagyu108.jpg,Wagyu,filename:wagyu
C:\Users\pen253\OneDrive - CSIRO\2022\Bytes for Bites Hackathon\Python-Marbling\images\Wagyu108.jpg,Wagyu108.jpg,Wagyu108.jpg,Wagyu,filename:wagyu
C:\Users\pen253\OneDrive - CSIRO\2022\Bytes for Bites Hackathon\Python-Marbling\images\Wagyu109.jpg,Wagyu109.jpg,Wagyu109.jpg,Wagyu,filename:wagyu
C:\Users\pen253\OneDrive - CSIRO\2022\Bytes for Bites Hackathon\Python-Marbling\images\Wagyu109.jpg,Wagyu109.jpg,Wagyu109.jpg,Wagyu,filename:wagyu
C:\Users\pen253\OneDrive - CSIRO\2022\Bytes for Bites Hackathon\Python-Marbling\images\Wagyu11.png,Wagyu11.png,Wagyu11.png,Wagyu,filename:wagyu
C:\Users\pen253\OneDrive - CSIRO\2022\Bytes for Bites Hackathon\Python-Marbling\images\Wagyu11.png,Wagyu11.png,Wagyu11.png,Wagyu,filename:wagyu
C:\Users\pen253\OneDrive - CSIRO\2022\Bytes for Bites Hackathon\Python-Marbling\images\Wagyu110.jpg,Wagyu110.jpg,Wagyu110.jpg,Wagyu,filename:wagyu
C:\Users\pen253\OneDrive - CSIRO\2022\Bytes for Bites Hackathon\Python-Marbling\images\Wagyu110.jpg,Wagyu110.jpg,Wagyu110.jpg,Wagyu,filename:wagyu
C:\Users\pen253\OneDrive - CSIRO\2022\Bytes for Bites Hackathon\Python-Marbling\images\Wagyu12.png,Wagyu12.png,Wagyu12.png,Wagyu,filename:wagyu
C:\Users\pen253\OneDrive - CSIRO\2022\Bytes for Bites Hackathon\Python-Marbling\images\Wagyu12.png,Wagyu12.png,Wagyu12.png,Wagyu,filename:wagyu
C:\Users\pen253\OneDrive - CSIRO\2022\Bytes for Bites Hackathon\Python-Marbling\images\Wagyu13.png,Wagyu13.png,Wagyu13.png,Wagyu,filename:wagyu
C:\Users\pen253\OneDrive - CSIRO\2022\Bytes for Bites Hackathon\Python-Marbling\images\Wagyu13.png,Wagyu13.png,Wagyu13.png,Wagyu,filename:wagyu
C:\Users\pen253\OneDrive - CSIRO\2022\Bytes for Bites Hackathon\Python-Marbling\images\Wagyu14.png,Wagyu14.png,Wagyu14.png,Wagyu,filename:wagyu
C:\Users\pen253\OneDrive - CSIRO\2022\Bytes for Bites Hackathon\Python-Marbling\images\Wagyu14.png,Wagyu14.png,Wagyu14.png,Wagyu,filename:wagyu
C:\Users\pen253\OneDrive - CSIRO\2022\Bytes for Bites Hackathon\Python-Marbling\images\Wagyu15.png,Wagyu15.png,Wagyu15.png,Wagyu,filename:wagyu
C:\Users\pen253\OneDrive - CSIRO\2022\Bytes for Bites Hackathon\Python-Marbling\images\Wagyu15.png,Wagyu15.png,Wagyu15.png,Wagyu,filename:wagyu
C:\Users\pen253\OneDrive - CSIRO\2022\Bytes for Bites Hackathon\Python-Marbling\images\Wagyu16.png,Wagyu16.png,Wagyu16.png,Wagyu,filename:wagyu
C:\Users\pen253\OneDrive - CSIRO\2022\Bytes for Bites Hackathon\Python-Marbling\images\Wagyu16.png,Wagyu16.png,Wagyu16.png,Wagyu,filename:wagyu
C:\Users\pen253\OneDrive - CSIRO\2022\Bytes for Bites Hackathon\Python-Marbling\images\Wagyu17.png,Wagyu17.png,Wagyu17.png,Wagyu,filename:wagyu
C:\Users\pen253\OneDrive - CSIRO\2022\Bytes for Bites Hackathon\Python-Marbling\images\Wagyu17.png,Wagyu17.png,Wagyu17.png,Wagyu,filename:wagyu
C:\Users\pen253\OneDrive - CSIRO\2022\Bytes for Bites Hackathon\Python-Marbling\images\Wagyu18.png,Wagyu18.png,Wagyu18.png,Wagyu,filename:wagyu
C:\Users\pen253\OneDrive - CSIRO\2022\Bytes for Bites Hackathon\Python-Marbling\images\Wagyu18.png,Wagyu18.png,Wagyu18.png,Wagyu,filename:wagyu
C:\Users\pen253\OneDrive - CSIRO\2022\Bytes for Bites Hackathon\Python-Marbling\images\Wagyu19.png,Wagyu19.png,Wagyu19.png,Wagyu,filename:wagyu
C:\Users\pen253\OneDrive - CSIRO\2022\Bytes for Bites Hackathon\Python-Marbling\images\Wagyu19.png,Wagyu19.png,Wagyu19.png,Wagyu,filename:wagyu
C:\Users\pen253\OneDrive - CSIRO\2022\Bytes for Bites Hackathon\Python-Marbling\images\Wagyu2.png,Wagyu2.png,Wagyu2.png,Wagyu,filename:wagyu
C:\Users\pen253\OneDrive - CSIRO\2022\Bytes for Bites Hackathon\Python-Marbling\images\Wagyu2.png,Wagyu2.png,Wagyu2.png,Wagyu,filename:wagyu
C:\Users\pen253\OneDrive - CSIRO\2022\Bytes for Bites Hackathon\Python-Marbling\images\Wagyu20.png,Wagyu20.png,Wagyu20.png,Wagyu,filename:wagyu
C:\Users\pen253\OneDrive - CSIRO\2022\Bytes for Bites Hackathon\Python-Marbling\images\Wagyu20.png,Wagyu20.png,Wagyu20.png,Wagyu,filename:wagyu
C:\Users\pen253\OneDrive - CSIRO\2022\Bytes for Bites Hackathon\Python-Marbling\images\Wagyu21.png,Wagyu21.png,Wagyu21.png,Wagyu,filename:wagyu
C:\Users\pen253\OneDrive - CSIRO\2022\Bytes for Bites Hackathon\Python-Marbling\images\Wagyu21.png,Wagyu21.png,Wagyu21.png,Wagyu,filename:wagyu
C:\Users\pen253\OneDrive - CSIRO\2022\Bytes for Bites Hackathon\Python-Marbling\images\Wagyu22.png,Wagyu22.png,Wagyu22.png,Wagyu,filename:wagyu
C:\Users\pen253\OneDrive - CSIRO\2022\Bytes for Bites Hackathon\Python-Marbling\images\Wagyu22.png,Wagyu22.png,Wagyu22.png,Wagyu,filename:wagyu
C:\Users\pen253\OneDrive - CSIRO\2022\Bytes for Bites Hackathon\Python-Marbling\images\Wagyu23.png,Wagyu23.png,Wagyu23.png,Wagyu,filename:wagyu
C:\Users\pen253\OneDrive - CSIRO\2022\Bytes for Bites Hackathon\Python-Marbling\images\Wagyu23.png,Wagyu23.png,Wagyu23.png,Wagyu,filename:wagyu
C:\Users\pen253\OneDrive - CSIRO\2022\Bytes for Bites Hackathon\Python-Marbling\images\Wagyu24.png,Wagyu24.png,Wagyu24.png,Wagyu,filename:wagyu
C:\Users\pen253\OneDrive - CSIRO\2022\Bytes for Bites Hackathon\Python-Marbling\images\Wagyu24.png,Wagyu24.png,Wagyu24.png,Wagyu,filename:wagyu
C:\Users\pen253\OneDrive - CSIRO\2022\Bytes for Bites Hackathon\Python-Marbling\images\Wagyu25.png,Wagyu25.png,Wagyu25.png,Wagyu,filename:wagyu
C:\Users\pen253\OneDrive - CSIRO\2022\Bytes for Bites Hackathon\Python-Marbling\images\Wagyu25.png,Wagyu25.png,Wagyu25.png,Wagyu,filename:wagyu
C:\Users\pen253\OneDrive - CSIRO\2022\Bytes for Bites Hackathon\Python-Marbling\images\Wagyu26.png,Wagyu26.png,Wagyu26.png,Wagyu,filename:wagyu
C:\Users\pen253\OneDrive - CSIRO\2022\Bytes for Bites Hackathon\Python-Marbling\images\Wagyu26.png,Wagyu26.png,Wagyu26.png,Wagyu,filename:wagyu
C:\Users\pen253\OneDrive - CSIRO\2022\Bytes for Bites Hackathon\Python-Marbling\images\Wagyu27.png,Wagyu27.png,Wagyu27.png,Wagyu,filename:wagyu
C:\Users\pen253\OneDrive - CSIRO\2022\Bytes for Bites Hackathon\Python-Marbling\images\Wagyu27.png,Wagyu27.png,Wagyu27.png,Wagyu,filename:wagyu
C:\Users\pen253\OneDrive - CSIRO\2022\Bytes for Bites Hackathon\Python-Marbling\images\Wagyu28.png,Wagyu28.png,Wagyu28.png,Wagyu,filename:wagyu
C:\Users\pen253\OneDrive - CSIRO\2022\Bytes for Bites Hackathon\Python-Marbling\images\Wagyu28.png,Wagyu28.png,Wagyu28.png,Wagyu,filename:wagyu
C:\Users\pen253\OneDrive - CSIRO\2022\Bytes for Bites Hackathon\Python-Marbling\images\Wagyu29.png,Wagyu29.png,Wagyu29.png,Wagyu,filename:wagyu
C:\Users\pen253\OneDrive - CSIRO\2022\Bytes for Bites Hackathon\Python-Marbling\images\Wagyu29.png,Wagyu29.png,Wagyu29.png,Wagyu,filename:wagyu
C:\Users\pen253\OneDrive - CSIRO\2022\Bytes for Bites Hackathon\Python-Marbling\images\Wagyu3.png,Wagyu3.png,Wagyu3.png,Wagyu,filename:wagyu
C:\Users\pen253\OneDrive - CSIRO\2022\Bytes for Bites Hackathon\Python-Marbling\images\Wagyu3.png,Wagyu3.png,Wagyu3.png,Wagyu,filename:wagyu
C:\Users\pen253\OneDrive - CSIRO\2022\Bytes for Bites Hackathon\Python-Marbling\images\Wagyu30.png,Wagyu30.png,Wagyu30.png,Wagyu,filename:wagyu
C:\Users\pen253\OneDrive - CSIRO\2022\Bytes for Bites Hackathon\Python-Marbling\images\Wagyu30.png,Wagyu30.png,Wagyu30.png,Wagyu,filename:wagyu
C:\Users\pen253\OneDrive - CSIRO\2022\Bytes for Bites Hackathon\Python-Marbling\images\Wagyu31.png,Wagyu31.png,Wagyu31.png,Wagyu,filename:wagyu
C:\Users\pen253\OneDrive - CSIRO\2022\Bytes for Bites Hackathon\Python-Marbling\images\Wagyu31.png,Wagyu31.png,Wagyu31.png,Wagyu,filename:wagyu
C:\Users\pen253\OneDrive - CSIRO\2022\Bytes for Bites Hackathon\Python-Marbling\images\Wagyu32.png,Wagyu32.png,Wagyu32.png,Wagyu,filename:wagyu
C:\Users\pen253\OneDrive - CSIRO\2022\Bytes for Bites Hackathon\Python-Marbling\images\Wagyu32.png,Wagyu32.png,Wagyu32.png,Wagyu,filename:wagyu
C:\Users\pen253\OneDrive - CSIRO\2022\Bytes for Bites Hackathon\Python-Marbling\images\Wagyu33.png,Wagyu33.png,Wagyu33.png,Wagyu,filename:wagyu
C:\Users\pen253\OneDrive - CSIRO\2022\Bytes for Bites Hackathon\Python-Marbling\images\Wagyu33.png,Wagyu33.png,Wagyu33.png,Wagyu,filename:wagyu
C:\Users\pen253\OneDrive - CSIRO\2022\Bytes for Bites Hackathon\Python-Marbling\images\Wagyu34.png,Wagyu34.png,Wagyu34.png,Wagyu,filename:wagyu
C:\Users\pen253\OneDrive - CSIRO\2022\Bytes for Bites Hackathon\Python-Marbling\images\Wagyu34.png,Wagyu34.png,Wagyu34.png,Wagyu,filename:wagyu
C:\Users\pen253\OneDrive - CSIRO\2022\Bytes for Bites Hackathon\Python-Marbling\images\Wagyu35.png,Wagyu35.png,Wagyu35.png,Wagyu,filename:wagyu
C:\Users\pen253\OneDrive - CSIRO\2022\Bytes for Bites Hackathon\Python-Marbling\images\Wagyu35.png,Wagyu35.png,Wagyu35.png,Wagyu,filename:wagyu
C:\Users\pen253\OneDrive - CSIRO\2022\Bytes for Bites Hackathon\Python-Marbling\images\Wagyu36.png,Wagyu36.png,Wagyu36.png,Wagyu,filename:wagyu
C:\Users\pen253\OneDrive - CSIRO\2022\Bytes for Bites Hackathon\Python-Marbling\images\Wagyu36.png,Wagyu36.png,Wagyu36.png,Wagyu,filename:wagyu
C:\Users\pen253\OneDrive - CSIRO\2022\Bytes for Bites Hackathon\Python-Marbling\images\Wagyu37.png,Wagyu37.png,Wagyu37.png,Wagyu,filename:wagyu
C:\Users\pen253\OneDrive - CSIRO\2022\Bytes for Bites Hackathon\Python-Marbling\images\Wagyu37.png,Wagyu37.png,Wagyu37.png,Wagyu,filename:wagyu
C:\Users\pen253\OneDrive - CSIRO\2022\Bytes for Bites Hackathon\Python-Marbling\images\Wagyu38.png,Wagyu38.png,Wagyu38.png,Wagyu,filename:wagyu
C:\Users\pen253\OneDrive - CSIRO\2022\Bytes for Bites Hackathon\Python-Marbling\images\Wagyu38.png,Wagyu38.png,Wagyu38.png,Wagyu,filename:wagyu
C:\Users\pen253\OneDrive - CSIRO\2022\Bytes for Bites Hackathon\Python-Marbling\images\Wagyu39.png,Wagyu39.png,Wagyu39.png,Wagyu,filename:wagyu
C:\Users\pen253\OneDrive - CSIRO\2022\Bytes for Bites Hackathon\Python-Marbling\images\Wagyu39.png,Wagyu39.png,Wagyu39.png,Wagyu,filename:wagyu
C:\Users\pen253\OneDrive - CSIRO\2022\Bytes for Bites Hackathon\Python-Marbling\images\Wagyu4.png,Wagyu4.png,Wagyu4.png,Wagyu,filename:wagyu
C:\Users\pen253\OneDrive - CSIRO\2022\Bytes for Bites Hackathon\Python-Marbling\images\Wagyu4.png,Wagyu4.png,Wagyu4.png,Wagyu,filename:wagyu
C:\Users\pen253\OneDrive - CSIRO\2022\Bytes for Bites Hackathon\Python-Marbling\images\Wagyu40.png,Wagyu40.png,Wagyu40.png,Wagyu,filename:wagyu
C:\Users\pen253\OneDrive - CSIRO\2022\Bytes for Bites Hackathon\Python-Marbling\images\Wagyu40.png,Wagyu40.png,Wagyu40.png,Wagyu,filename:wagyu
C:\Users\pen253\OneDrive - CSIRO\2022\Bytes for Bites Hackathon\Python-Marbling\images\Wagyu41.png,Wagyu41.png,Wagyu41.png,Wagyu,filename:wagyu
C:\Users\pen253\OneDrive - CSIRO\2022\Bytes for Bites Hackathon\Python-Marbling\images\Wagyu41.png,Wagyu41.png,Wagyu41.png,Wagyu,filename:wagyu
C:\Users\pen253\OneDrive - CSIRO\2022\Bytes for Bites Hackathon\Python-Marbling\images\Wagyu42.png,Wagyu42.png,Wagyu42.png,Wagyu,filename:wagyu
C:\Users\pen253\OneDrive - CSIRO\2022\Bytes for Bites Hackathon\Python-Marbling\images\Wagyu42.png,Wagyu42.png,Wagyu42.png,Wagyu,filename:wagyu
C:\Users\pen253\OneDrive - CSIRO\2022\Bytes for Bites Hackathon\Python-Marbling\images\Wagyu43.png,Wagyu43.png,Wagyu43.png,Wagyu,filename:wagyu
C:\Users\pen253\OneDrive - CSIRO\2022\Bytes for Bites Hackathon\Python-Marbling\images\Wagyu43.png,Wagyu43.png,Wagyu43.png,Wagyu,filename:wagyu
C:\Users\pen253\OneDrive - CSIRO\2022\Bytes for Bites Hackathon\Python-Marbling\images\Wagyu44.png,Wagyu44.png,Wagyu44.png,Wagyu,filename:wagyu
C:\Users\pen253\OneDrive - CSIRO\2022\Bytes for Bites Hackathon\Python-Marbling\images\Wagyu44.png,Wagyu44.png,Wagyu44.png,Wagyu,filename:wagyu
C:\Users\pen253\OneDrive - CSIRO\2022\Bytes for Bites Hackathon\Python-Marbling\images\Wagyu45.png,Wagyu45.png,Wagyu45.png,Wagyu,filename:wagyu
C:\Users\pen253\OneDrive - CSIRO\2022\Bytes for Bites Hackathon\Python-Marbling\images\Wagyu45.png,Wagyu45.png,Wagyu45.png,Wagyu,filename:wagyu
C:\Users\pen253\OneDrive - CSIRO\2022\Bytes for Bites Hackathon\Python-Marbling\images\Wagyu46.png,Wagyu46.png,Wagyu46.png,Wagyu,filename:wagyu
C:\Users\pen253\OneDrive - CSIRO\2022\Bytes for Bites Hackathon\Python-Marbling\images\Wagyu46.png,Wagyu46.png,Wagyu46.png,Wagyu,filename:wagyu
C:\Users\pen253\OneDrive - CSIRO\2022\Bytes for Bites Hackathon\Python-Marbling\images\Wagyu47.png,Wagyu47.png,Wagyu47.png,Wagyu,filename:wagyu
C:\Users\pen253\OneDrive - CSIRO\2022\Bytes for Bites Hackathon\Python-Marbling\images\Wagyu47.png,Wagyu47.png,Wagyu47.png,Wagyu,filename:wagyu
C:\Users\pen253\OneDrive - CSIRO\2022\Bytes for Bites Hackathon\Python-Marbling\images\Wagyu48.png,Wagyu48.png,Wagyu48.png,Wagyu,filename:wagyu
C:\Users\pen253\OneDrive - CSIRO\2022\Bytes for Bites Hackathon\Python-Marbling\images\Wagyu48.png,Wagyu48.png,Wagyu48.png,Wagyu,filename:wagyu
C:\Users\pen253\OneDrive - CSIRO\2022\Bytes for Bites Hackathon\Python-Marbling\images\Wagyu49.png,Wagyu49.png,Wagyu49.png,Wagyu,filename:wagyu
C:\Users\pen253\OneDrive - CSIRO\2022\Bytes for Bites Hackathon\Python-Marbling\images\Wagyu49.png,Wagyu49.png,Wagyu49.png,Wagyu,filename:wagyu
C:\Users\pen253\OneDrive - CSIRO\2022\Bytes for Bites Hackathon\Python-Marbling\images\Wagyu5.png,Wagyu5.png,Wagyu5.png,Wagyu,filename:wagyu
C:\Users\pen253\OneDrive - CSIRO\2022\Bytes for Bites Hackathon\Python-Marbling\images\Wagyu5.png,Wagyu5.png,Wagyu5.png,Wagyu,filename:wagyu
C:\Users\pen253\OneDrive - CSIRO\2022\Bytes for Bites Hackathon\Python-Marbling\images\Wagyu50.png,Wagyu50.png,Wagyu50.png,Wagyu,filename:wagyu
C:\Users\pen253\OneDrive - CSIRO\2022\Bytes for Bites Hackathon\Python-Marbling\images\Wagyu50.png,Wagyu50.png,Wagyu50.png,Wagyu,filename:wagyu
C:\Users\pen253\OneDrive - CSIRO\2022\Bytes for Bites Hackathon\Python-Marbling\images\Wagyu51.png,Wagyu51.png,Wagyu51.png,Wagyu,filename:wagyu
C:\Users\pen253\OneDrive - CSIRO\2022\Bytes for Bites Hackathon\Python-Marbling\images\Wagyu51.png,Wagyu51.png,Wagyu51.png,Wagyu,filename:wagyu
C:\Users\pen253\OneDrive - CSIRO\2022\Bytes for Bites Hackathon\Python-Marbling\images\Wagyu52.png,Wagyu52.png,Wagyu52.png,Wagyu,filename:wagyu
C:\Users\pen253\OneDrive - CSIRO\2022\Bytes for Bites Hackathon\Python-Marbling\images\Wagyu52.png,Wagyu52.png,Wagyu52.png,Wagyu,filename:wagyu
C:\Users\pen253\OneDrive - CSIRO\2022\Bytes for Bites Hackathon\Python-Marbling\images\Wagyu53.png,Wagyu53.png,Wagyu53.png,Wagyu,filename:wagyu
C:\Users\pen253\OneDrive - CSIRO\2022\Bytes for Bites Hackathon\Python-Marbling\images\Wagyu53.png,Wagyu53.png,Wagyu53.png,Wagyu,filename:wagyu
C:\Users\pen253\OneDrive - CSIRO\2022\Bytes for Bites Hackathon\Python-Marbling\images\Wagyu54.png,Wagyu54.png,Wagyu54.png,Wagyu,filename:wagyu
C:\Users\pen253\OneDrive - CSIRO\2022\Bytes for Bites Hackathon\Python-Marbling\images\Wagyu54.png,Wagyu54.png,Wagyu54.png,Wagyu,filename:wagyu
C:\Users\pen253\OneDrive - CSIRO\2022\Bytes for Bites Hackathon\Python-Marbling\images\Wagyu55.png,Wagyu55.png,Wagyu55.png,Wagyu,filename:wagyu
C:\Users\pen253\OneDrive - CSIRO\2022\Bytes for Bites Hackathon\Python-Marbling\images\Wagyu55.png,Wagyu55.png,Wagyu55.png,Wagyu,filename:wagyu
C:\Users\pen253\OneDrive - CSIRO\2022\Bytes for Bites Hackathon\Python-Marbling\images\Wagyu56.png,Wagyu56.png,Wagyu56.png,Wagyu,filename:wagyu
C:\Users\pen253\OneDrive - CSIRO\2022\Bytes for Bites Hackathon\Python-Marbling\images\Wagyu56.png,Wagyu56.png,Wagyu56.png,Wagyu,filename:wagyu
C:\Users\pen253\OneDrive - CSIRO\2022\Bytes for Bites Hackathon\Python-Marbling\images\Wagyu57.png,Wagyu57.png,Wagyu57.png,Wagyu,filename:wagyu
C:\Users\pen253\OneDrive - CSIRO\2022\Bytes for Bites Hackathon\Python-Marbling\images\Wagyu57.png,Wagyu57.png,Wagyu57.png,Wagyu,filename:wagyu
C:\Users\pen253\OneDrive - CSIRO\2022\Bytes for Bites Hackathon\Python-Marbling\images\Wagyu58.png,Wagyu58.png,Wagyu58.png,Wagyu,filename:wagyu
C:\Users\pen253\OneDrive - CSIRO\2022\Bytes for Bites Hackathon\Python-Marbling\images\Wagyu58.png,Wagyu58.png,Wagyu58.png,Wagyu,filename:wagyu
C:\Users\pen253\OneDrive - CSIRO\2022\Bytes for Bites Hackathon\Python-Marbling\images\Wagyu6.png,Wagyu6.png,Wagyu6.png,Wagyu,filename:wagyu
C:\Users\pen253\OneDrive - CSIRO\2022\Bytes for Bites Hackathon\Python-Marbling\images\Wagyu6.png,Wagyu6.png,Wagyu6.png,Wagyu,filename:wagyu
C:\Users\pen253\OneDrive - CSIRO\2022\Bytes for Bites Hackathon\Python-Marbling\images\Wagyu60.png,Wagyu60.png,Wagyu60.png,Wagyu,filename:wagyu
C:\Users\pen253\OneDrive - CSIRO\2022\Bytes for Bites Hackathon\Python-Marbling\images\Wagyu60.png,Wagyu60.png,Wagyu60.png,Wagyu,filename:wagyu
C:\Users\pen253\OneDrive - CSIRO\2022\Bytes for Bites Hackathon\Python-Marbling\images\Wagyu61.png,Wagyu61.png,Wagyu61.png,Wagyu,filename:wagyu
C:\Users\pen253\OneDrive - CSIRO\2022\Bytes for Bites Hackathon\Python-Marbling\images\Wagyu61.png,Wagyu61.png,Wagyu61.png,Wagyu,filename:wagyu
C:\Users\pen253\OneDrive - CSIRO\2022\Bytes for Bites Hackathon\Python-Marbling\images\Wagyu62.png,Wagyu62.png,Wagyu62.png,Wagyu,filename:wagyu
C:\Users\pen253\OneDrive - CSIRO\2022\Bytes for Bites Hackathon\Python-Marbling\images\Wagyu62.png,Wagyu62.png,Wagyu62.png,Wagyu,filename:wagyu
C:\Users\pen253\OneDrive - CSIRO\2022\Bytes for Bites Hackathon\Python-Marbling\images\Wagyu63.png,Wagyu63.png,Wagyu63.png,Wagyu,filename:wagyu
C:\Users\pen253\OneDrive - CSIRO\2022\Bytes for Bites Hackathon\Python-Marbling\images\Wagyu63.png,Wagyu63.png,Wagyu63.png,Wagyu,filename:wagyu
C:\Users\pen253\OneDrive - CSIRO\2022\Bytes for Bites Hackathon\Python-Marbling\images\Wagyu64.png,Wagyu64.png,Wagyu64.png,Wagyu,filename:wagyu
C:\Users\pen253\OneDrive - CSIRO\2022\Bytes for Bites Hackathon\Python-Marbling\images\Wagyu64.png,Wagyu64.png,Wagyu64.png,Wagyu,filename:wagyu
C:\Users\pen253\OneDrive - CSIRO\2022\Bytes for Bites Hackathon\Python-Marbling\images\Wagyu65.png,Wagyu65.png,Wagyu65.png,Wagyu,filename:wagyu
C:\Users\pen253\OneDrive - CSIRO\2022\Bytes for Bites Hackathon\Python-Marbling\images\Wagyu65.png,Wagyu65.png,Wagyu65.png,Wagyu,filename:wagyu
C:\Users\pen253\OneDrive - CSIRO\2022\Bytes for Bites Hackathon\Python-Marbling\images\Wagyu66.png,Wagyu66.png,Wagyu66.png,Wagyu,filename:wagyu
C:\Users\pen253\OneDrive - CSIRO\2022\Bytes for Bites Hackathon\Python-Marbling\images\Wagyu66.png,Wagyu66.png,Wagyu66.png,Wagyu,filename:wagyu
C:\Users\pen253\OneDrive - CSIRO\2022\Bytes for Bites Hackathon\Python-Marbling\images\Wagyu67.png,Wagyu67.png,Wagyu67.png,Wagyu,filename:wagyu
C:\Users\pen253\OneDrive - CSIRO\2022\Bytes for Bites Hackathon\Python-Marbling\images\Wagyu67.png,Wagyu67.png,Wagyu67.png,Wagyu,filename:wagyu
C:\Users\pen253\OneDrive - CSIRO\2022\Bytes for Bites Hackathon\Python-Marbling\images\Wagyu68.png,Wagyu68.png,Wagyu68.png,Wagyu,filename:wagyu
C:\Users\pen253\OneDrive - CSIRO\2022\Bytes for Bites Hackathon\Python-Marbling\images\Wagyu68.png,Wagyu68.png,Wagyu68.png,Wagyu,filename:wagyu
C:\Users\pen253\OneDrive - CSIRO\2022\Bytes for Bites Hackathon\Python-Marbling\images\Wagyu69.png,Wagyu69.png,Wagyu69.png,Wagyu,filename:wagyu
C:\Users\pen253\OneDrive - CSIRO\2022\Bytes for Bites Hackathon\Python-Marbling\images\Wagyu69.png,Wagyu69.png,Wagyu69.png,Wagyu,filename:wagyu
C:\Users\pen253\OneDrive - CSIRO\2022\Bytes for Bites Hackathon\Python-Marbling\images\Wagyu7.png,Wagyu7.png,Wagyu7.png,Wagyu,filename:wagyu
C:\Users\pen253\OneDrive - CSIRO\2022\Bytes for Bites Hackathon\Python-Marbling\images\Wagyu7.png,Wagyu7.png,Wagyu7.png,Wagyu,filename:wagyu
C:\Users\pen253\OneDrive - CSIRO\2022\Bytes for Bites Hackathon\Python-Marbling\images\Wagyu70.png,Wagyu70.png,Wagyu70.png,Wagyu,filename:wagyu
C:\Users\pen253\OneDrive - CSIRO\2022\Bytes for Bites Hackathon\Python-Marbling\images\Wagyu70.png,Wagyu70.png,Wagyu70.png,Wagyu,filename:wagyu
C:\Users\pen253\OneDrive - CSIRO\2022\Bytes for Bites Hackathon\Python-Marbling\images\Wagyu71.png,Wagyu71.png,Wagyu71.png,Wagyu,filename:wagyu
C:\Users\pen253\OneDrive - CSIRO\2022\Bytes for Bites Hackathon\Python-Marbling\images\Wagyu71.png,Wagyu71.png,Wagyu71.png,Wagyu,filename:wagyu
C:\Users\pen253\OneDrive - CSIRO\2022\Bytes for Bites Hackathon\Python-Marbling\images\Wagyu72.png,Wagyu72.png,Wagyu72.png,Wagyu,filename:wagyu
C:\Users\pen253\OneDrive - CSIRO\2022\Bytes for Bites Hackathon\Python-Marbling\images\Wagyu72.png,Wagyu72.png,Wagyu72.png,Wagyu,filename:wagyu
C:\Users\pen253\OneDrive - CSIRO\2022\Bytes for Bites Hackathon\Python-Marbling\images\Wagyu73.png,Wagyu73.png,Wagyu73.png,Wagyu,filename:wagyu
C:\Users\pen253\OneDrive - CSIRO\2022\Bytes for Bites Hackathon\Python-Marbling\images\Wagyu73.png,Wagyu73.png,Wagyu73.png,Wagyu,filename:wagyu
C:\Users\pen253\OneDrive - CSIRO\2022\Bytes for Bites Hackathon\Python-Marbling\images\Wagyu74.png,Wagyu74.png,Wagyu74.png,Wagyu,filename:wagyu
C:\Users\pen253\OneDrive - CSIRO\2022\Bytes for Bites Hackathon\Python-Marbling\images\Wagyu74.png,Wagyu74.png,Wagyu74.png,Wagyu,filename:wagyu
C:\Users\pen253\OneDrive - CSIRO\2022\Bytes for Bites Hackathon\Python-Marbling\images\Wagyu75.png,Wagyu75.png,Wagyu75.png,Wagyu,filename:wagyu
C:\Users\pen253\OneDrive - CSIRO\2022\Bytes for Bites Hackathon\Python-Marbling\images\Wagyu75.png,Wagyu75.png,Wagyu75.png,Wagyu,filename:wagyu
C:\Users\pen253\OneDrive - CSIRO\2022\Bytes for Bites Hackathon\Python-Marbling\images\Wagyu76.png,Wagyu76.png,Wagyu76.png,Wagyu,filename:wagyu
C:\Users\pen253\OneDrive - CSIRO\2022\Bytes for Bites Hackathon\Python-Marbling\images\Wagyu76.png,Wagyu76.png,Wagyu76.png,Wagyu,filename:wagyu
C:\Users\pen253\OneDrive - CSIRO\2022\Bytes for Bites Hackathon\Python-Marbling\images\Wagyu77.png,Wagyu77.png,Wagyu77.png,Wagyu,filename:wagyu
C:\Users\pen253\OneDrive - CSIRO\2022\Bytes for Bites Hackathon\Python-Marbling\images\Wagyu77.png,Wagyu77.png,Wagyu77.png,Wagyu,filename:wagyu
C:\Users\pen253\OneDrive - CSIRO\2022\Bytes for Bites Hackathon\Python-Marbling\images\Wagyu78.png,Wagyu78.png,Wagyu78.png,Wagyu,filename:wagyu
C:\Users\pen253\OneDrive - CSIRO\2022\Bytes for Bites Hackathon\Python-Marbling\images\Wagyu78.png,Wagyu78.png,Wagyu78.png,Wagyu,filename:wagyu
C:\Users\pen253\OneDrive - CSIRO\2022\Bytes for Bites Hackathon\Python-Marbling\images\Wagyu79.png,Wagyu79.png,Wagyu79.png,Wagyu,filename:wagyu
C:\Users\pen253\OneDrive - CSIRO\2022\Bytes for Bites Hackathon\Python-Marbling\images\Wagyu79.png,Wagyu79.png,Wagyu79.png,Wagyu,filename:wagyu
C:\Users\pen253\OneDrive - CSIRO\2022\Bytes for Bites Hackathon\Python-Marbling\images\Wagyu8.png,Wagyu8.png,Wagyu8.png,Wagyu,filename:wagyu
C:\Users\pen253\OneDrive - CSIRO\2022\Bytes for Bites Hackathon\Python-Marbling\images\Wagyu8.png,Wagyu8.png,Wagyu8.png,Wagyu,filename:wagyu
C:\Users\pen253\OneDrive - CSIRO\2022\Bytes for Bites Hackathon\Python-Marbling\images\Wagyu80.png,Wagyu80.png,Wagyu80.png,Wagyu,filename:wagyu
C:\Users\pen253\OneDrive - CSIRO\2022\Bytes for Bites Hackathon\Python-Marbling\images\Wagyu80.png,Wagyu80.png,Wagyu80.png,Wagyu,filename:wagyu
C:\Users\pen253\OneDrive - CSIRO\2022\Bytes for Bites Hackathon\Python-Marbling\images\Wagyu81.png,Wagyu81.png,Wagyu81.png,Wagyu,filename:wagyu
C:\Users\pen253\OneDrive - CSIRO\2022\Bytes for Bites Hackathon\Python-Marbling\images\Wagyu81.png,Wagyu81.png,Wagyu81.png,Wagyu,filename:wagyu
C:\Users\pen253\OneDrive - CSIRO\2022\Bytes for Bites Hackathon\Python-Marbling\images\Wagyu82.png,Wagyu82.png,Wagyu82.png,Wagyu,filename:wagyu
C:\Users\pen253\OneDrive - CSIRO\2022\Bytes for Bites Hackathon\Python-Marbling\images\Wagyu82.png,Wagyu82.png,Wagyu82.png,Wagyu,filename:wagyu
C:\Users\pen253\OneDrive - CSIRO\2022\Bytes for Bites Hackathon\Python-Marbling\images\Wagyu83.png,Wagyu83.png,Wagyu83.png,Wagyu,filename:wagyu
C:\Users\pen253\OneDrive - CSIRO\2022\Bytes for Bites Hackathon\Python-Marbling\images\Wagyu83.png,Wagyu83.png,Wagyu83.png,Wagyu,filename:wagyu
C:\Users\pen253\OneDrive - CSIRO\2022\Bytes for Bites Hackathon\Python-Marbling\images\Wagyu84.png,Wagyu84.png,Wagyu84.png,Wagyu,filename:wagyu
C:\Users\pen253\OneDrive - CSIRO\2022\Bytes for Bites Hackathon\Python-Marbling\images\Wagyu84.png,Wagyu84.png,Wagyu84.png,Wagyu,filename:wagyu
C:\Users\pen253\OneDrive - CSIRO\2022\Bytes for Bites Hackathon\Python-Marbling\images\Wagyu85.png,Wagyu85.png,Wagyu85.png,Wagyu,filename:wagyu
C:\Users\pen253\OneDrive - CSIRO\2022\Bytes for Bites Hackathon\Python-Marbling\images\Wagyu85.png,Wagyu85.png,Wagyu85.png,Wagyu,filename:wagyu
C:\Users\pen253\OneDrive - CSIRO\2022\Bytes for Bites Hackathon\Python-Marbling\images\Wagyu86.png,Wagyu86.png,Wagyu86.png,Wagyu,filename:wagyu
C:\Users\pen253\OneDrive - CSIRO\2022\Bytes for Bites Hackathon\Python-Marbling\images\Wagyu86.png,Wagyu86.png,Wagyu86.png,Wagyu,filename:wagyu
C:\Users\pen253\OneDrive - CSIRO\2022\Bytes for Bites Hackathon\Python-Marbling\images\Wagyu87.png,Wagyu87.png,Wagyu87.png,Wagyu,filename:wagyu
C:\Users\pen253\OneDrive - CSIRO\2022\Bytes for Bites Hackathon\Python-Marbling\images\Wagyu87.png,Wagyu87.png,Wagyu87.png,Wagyu,filename:wagyu
C:\Users\pen253\OneDrive - CSIRO\2022\Bytes for Bites Hackathon\Python-Marbling\images\Wagyu88.png,Wagyu88.png,Wagyu88.png,Wagyu,filename:wagyu
C:\Users\pen253\OneDrive - CSIRO\2022\Bytes for Bites Hackathon\Python-Marbling\images\Wagyu88.png,Wagyu88.png,Wagyu88.png,Wagyu,filename:wagyu
C:\Users\pen253\OneDrive - CSIRO\2022\Bytes for Bites Hackathon\Python-Marbling\images\Wagyu89.png,Wagyu89.png,Wagyu89.png,Wagyu,filename:wagyu
C:\Users\pen253\OneDrive - CSIRO\2022\Bytes for Bites Hackathon\Python-Marbling\images\Wagyu89.png,Wagyu89.png,Wagyu89.png,Wagyu,filename:wagyu
C:\Users\pen253\OneDrive - CSIRO\2022\Bytes for Bites Hackathon\Python-Marbling\images\Wagyu9.png,Wagyu9.png,Wagyu9.png,Wagyu,filename:wagyu
C:\Users\pen253\OneDrive - CSIRO\2022\Bytes for Bites Hackathon\Python-Marbling\images\Wagyu9.png,Wagyu9.png,Wagyu9.png,Wagyu,filename:wagyu
C:\Users\pen253\OneDrive - CSIRO\2022\Bytes for Bites Hackathon\Python-Marbling\images\Wagyu90.png,Wagyu90.png,Wagyu90.png,Wagyu,filename:wagyu
C:\Users\pen253\OneDrive - CSIRO\2022\Bytes for Bites Hackathon\Python-Marbling\images\Wagyu90.png,Wagyu90.png,Wagyu90.png,Wagyu,filename:wagyu
C:\Users\pen253\OneDrive - CSIRO\2022\Bytes for Bites Hackathon\Python-Marbling\images\Wagyu91.png,Wagyu91.png,Wagyu91.png,Wagyu,filename:wagyu
C:\Users\pen253\OneDrive - CSIRO\2022\Bytes for Bites Hackathon\Python-Marbling\images\Wagyu91.png,Wagyu91.png,Wagyu91.png,Wagyu,filename:wagyu
C:\Users\pen253\OneDrive - CSIRO\2022\Bytes for Bites Hackathon\Python-Marbling\images\Wagyu92.png,Wagyu92.png,Wagyu92.png,Wagyu,filename:wagyu
C:\Users\pen253\OneDrive - CSIRO\2022\Bytes for Bites Hackathon\Python-Marbling\images\Wagyu92.png,Wagyu92.png,Wagyu92.png,Wagyu,filename:wagyu
C:\Users\pen253\OneDrive - CSIRO\2022\Bytes for Bites Hackathon\Python-Marbling\images\Wagyu93.png,Wagyu93.png,Wagyu93.png,Wagyu,filename:wagyu
C:\Users\pen253\OneDrive - CSIRO\2022\Bytes for Bites Hackathon\Python-Marbling\images\Wagyu93.png,Wagyu93.png,Wagyu93.png,Wagyu,filename:wagyu
C:\Users\pen253\OneDrive - CSIRO\2022\Bytes for Bites Hackathon\Python-Marbling\images\Wagyu94.png,Wagyu94.png,Wagyu94.png,Wagyu,filename:wagyu
C:\Users\pen253\OneDrive - CSIRO\2022\Bytes for Bites Hackathon\Python-Marbling\images\Wagyu94.png,Wagyu94.png,Wagyu94.png,Wagyu,filename:wagyu
C:\Users\pen253\OneDrive - CSIRO\2022\Bytes for Bites Hackathon\Python-Marbling\images\Wagyu95.png,Wagyu95.png,Wagyu95.png,Wagyu,filename:wagyu
C:\Users\pen253\OneDrive - CSIRO\2022\Bytes for Bites Hackathon\Python-Marbling\images\Wagyu95.png,Wagyu95.png,Wagyu95.png,Wagyu,filename:wagyu
C:\Users\pen253\OneDrive - CSIRO\2022\Bytes for Bites Hackathon\Python-Marbling\images\Wagyu96.png,Wagyu96.png,Wagyu96.png,Wagyu,filename:wagyu
C:\Users\pen253\OneDrive - CSIRO\2022\Bytes for Bites Hackathon\Python-Marbling\images\Wagyu96.png,Wagyu96.png,Wagyu96.png,Wagyu,filename:wagyu
C:\Users\pen253\OneDrive - CSIRO\2022\Bytes for Bites Hackathon\Python-Marbling\images\Wagyu97.png,Wagyu97.png,Wagyu97.png,Wagyu,filename:wagyu
C:\Users\pen253\OneDrive - CSIRO\2022\Bytes for Bites Hackathon\Python-Marbling\images\Wagyu97.png,Wagyu97.png,Wagyu97.png,Wagyu,filename:wagyu
C:\Users\pen253\OneDrive - CSIRO\2022\Bytes for Bites Hackathon\Python-Marbling\images\Wagyu98.png,Wagyu98.png,Wagyu98.png,Wagyu,filename:wagyu
C:\Users\pen253\OneDrive - CSIRO\2022\Bytes for Bites Hackathon\Python-Marbling\images\Wagyu98.png,Wagyu98.png,Wagyu98.png,Wagyu,filename:wagyu
C:\Users\pen253\OneDrive - CSIRO\2022\Bytes for Bites Hackathon\Python-Marbling\images\Wagyu99.png,Wagyu99.png,Wagyu99.png,Wagyu,filename:wagyu
C:\Users\pen253\OneDrive - CSIRO\2022\Bytes for Bites Hackathon\Python-Marbling\images\Wagyu99.png,Wagyu99.png,Wagyu99.png,Wagyu,filename:wagyu
C:\Users\pen253\OneDrive - CSIRO\2022\Bytes for Bites Hackathon\Python-Marbling\images\choice (1).jpg,choice (1).jpg,choice (1).jpg,Choice,filename:choice
C:\Users\pen253\OneDrive - CSIRO\2022\Bytes for Bites Hackathon\Python-Marbling\images\choice (1).jpg,choice (1).jpg,choice (1).jpg,Choice,filename:choice
C:\Users\pen253\OneDrive - CSIRO\2022\Bytes for Bites Hackathon\Python-Marbling\images\choice (1).png,choice (1).png,choice (1).png,Choice,filename:choice
C:\Users\pen253\OneDrive - CSIRO\2022\Bytes for Bites Hackathon\Python-Marbling\images\choice (1).png,choice (1).png,choice (1).png,Choice,filename:choice
C:\Users\pen253\OneDrive - CSIRO\2022\Bytes for Bites Hackathon\Python-Marbling\images\choice (2).jpg,choice (2).jpg,choice (2).jpg,Choice,filename:choice
C:\Users\pen253\OneDrive - CSIRO\2022\Bytes for Bites Hackathon\Python-Marbling\images\choice (2).jpg,choice (2).jpg,choice (2).jpg,Choice,filename:choice
C:\Users\pen253\OneDrive - CSIRO\2022\Bytes for Bites Hackathon\Python-Marbling\images\choice (2).png,choice (2).png,choice (2).png,Choice,filename:choice
C:\Users\pen253\OneDrive - CSIRO\2022\Bytes for Bites Hackathon\Python-Marbling\images\choice (2).png,choice (2).png,choice (2).png,Choice,filename:choice
C:\Users\pen253\OneDrive - CSIRO\2022\Bytes for Bites Hackathon\Python-Marbling\images\choice (3).jpg,choice (3).jpg,choice (3).jpg,Choice,filename:choice
C:\Users\pen253\OneDrive - CSIRO\2022\Bytes for Bites Hackathon\Python-Marbling\images\choice (3).jpg,choice (3).jpg,choice (3).jpg,Choice,filename:choice
C:\Users\pen253\OneDrive - CSIRO\2022\Bytes for Bites Hackathon\Python-Marbling\images\choice (3).png,choice (3).png,choice (3).png,Choice,filename:choice
C:\Users\pen253\OneDrive - CSIRO\2022\Bytes for Bites Hackathon\Python-Marbling\images\choice (3).png,choice (3).png,choice (3).png,Choice,filename:choice
C:\Users\pen253\OneDrive - CSIRO\2022\Bytes for Bites Hackathon\Python-Marbling\images\choice (4).jpg,choice (4).jpg,choice (4).jpg,Choice,filename:choice
C:\Users\pen253\OneDrive - CSIRO\2022\Bytes for Bites Hackathon\Python-Marbling\images\choice (4).jpg,choice (4).jpg,choice (4).jpg,Choice,filename:choice
C:\Users\pen253\OneDrive - CSIRO\2022\Bytes for Bites Hackathon\Python-Marbling\images\choice (4).png,choice (4).png,choice (4).png,Choice,filename:choice
C:\Users\pen253\OneDrive - CSIRO\2022\Bytes for Bites Hackathon\Python-Marbling\images\choice (4).png,choice (4).png,choice (4).png,Choice,filename:choice
C:\Users\pen253\OneDrive - CSIRO\2022\Bytes for Bites Hackathon\Python-Marbling\images\choice (5).png,choice (5).png,choice (5).png,Choice,filename:choice
C:\Users\pen253\OneDrive - CSIRO\2022\Bytes for Bites Hackathon\Python-Marbling\images\choice (5).png,choice (5).png,choice (5).png,Choice,filename:choice
C:\Users\pen253\OneDrive - CSIRO\2022\Bytes for Bites Hackathon\Python-Marbling\images\choice (6).png,choice (6).png,choice (6).png,Choice,filename:choice
C:\Users\pen253\OneDrive - CSIRO\2022\Bytes for Bites Hackathon\Python-Marbling\images\choice (6).png,choice (6).png,choice (6).png,Choice,filename:choice
C:\Users\pen253\OneDrive - CSIRO\2022\Bytes for Bites Hackathon\Python-Marbling\images\choice (7).png,choice (7).png,choice (7).png,Choice,filename:choice
C:\Users\pen253\OneDrive - CSIRO\2022\Bytes for Bites Hackathon\Python-Marbling\images\choice (7).png,choice (7).png,choice (7).png,Choice,filename:choice
C:\Users\pen253\OneDrive - CSIRO\2022\Bytes for Bites Hackathon\Python-Marbling\images\choice (8).png,choice (8).png,choice (8).png,Choice,filename:choice
C:\Users\pen253\OneDrive - CSIRO\2022\Bytes for Bites Hackathon\Python-Marbling\images\choice (8).png,choice (8).png,choice (8).png,Choice,filename:choice
C:\Users\pen253\OneDrive - CSIRO\2022\Bytes for Bites Hackathon\Python-Marbling\images\choice (9).png,choice (9).png,choice (9).png,Choice,filename:choice
C:\Users\pen253\OneDrive - CSIRO\2022\Bytes for Bites Hackathon\Python-Marbling\images\choice (9).png,choice (9).png,choice (9).png,Choice,filename:choice
C:\Users\pen253\OneDrive - CSIRO\2022\Bytes for Bites Hackathon\Python-Marbling\images\choice (american).jpg,choice (american).jpg,choice (american).jpg,Choice,filename:choice
C:\Users\pen253\OneDrive - CSIRO\2022\Bytes for Bites Hackathon\Python-Marbling\images\choice (american).jpg,choice (american).jpg,choice (american).jpg,Choice,filename:choice
C:\Users\pen253\OneDrive - CSIRO\2022\Bytes for Bites Hackathon\Python-Marbling\images\choice.jpg,choice.jpg,choice.jpg,Choice,filename:choice
C:\Users\pen253\OneDrive - CSIRO\2022\Bytes for Bites Hackathon\Python-Marbling\images\choice.jpg,choice.jpg,choice.jpg,Choice,filename:choice
C:\Users\pen253\OneDrive - CSIRO\2022\Bytes for Bites Hackathon\Python-Marbling\images\prime (1).jpg,prime (1).jpg,prime (1).jpg,Prime,filename:prime
C:\Users\pen253\OneDrive - CSIRO\2022\Bytes for Bites Hackathon\Python-Marbling\images\prime (1).jpg,prime (1).jpg,prime (1).jpg,Prime,filename:prime
C:\Users\pen253\OneDrive - CSIRO\2022\Bytes for Bites Hackathon\Python-Marbling\images\prime (1).png,prime (1).png,prime (1).png,Prime,filename:prime
C:\Users\pen253\OneDrive - CSIRO\2022\Bytes for Bites Hackathon\Python-Marbling\images\prime (1).png,prime (1).png,prime (1).png,Prime,filename:prime
C:\Users\pen253\OneDrive - CSIRO\2022\Bytes for Bites Hackathon\Python-Marbling\images\prime (10).png,prime (10).png,prime (10).png,Prime,filename:prime
C:\Users\pen253\OneDrive - CSIRO\2022\Bytes for Bites Hackathon\Python-Marbling\images\prime (10).png,prime (10).png,prime (10).png,Prime,filename:prime
C:\Users\pen253\OneDrive - CSIRO\2022\Bytes for Bites Hackathon\Python-Marbling\images\prime (11).png,prime (11).png,prime (11).png,Prime,filename:prime
C:\Users\pen253\OneDrive - CSIRO\2022\Bytes for Bites Hackathon\Python-Marbling\images\prime (11).png,prime (11).png,prime (11).png,Prime,filename:prime
C:\Users\pen253\OneDrive - CSIRO\2022\Bytes for Bites Hackathon\Python-Marbling\images\prime (12).png,prime (12).png,prime (12).png,Prime,filename:prime
C:\Users\pen253\OneDrive - CSIRO\2022\Bytes for Bites Hackathon\Python-Marbling\images\prime (12).png,prime (12).png,prime (12).png,Prime,filename:prime
C:\Users\pen253\OneDrive - CSIRO\2022\Bytes for Bites Hackathon\Python-Marbling\images\prime (13).png,prime (13).png,prime (13).png,Prime,filename:prime
C:\Users\pen253\OneDrive - CSIRO\2022\Bytes for Bites Hackathon\Python-Marbling\images\prime (13).png,prime (13).png,prime (13).png,Prime,filename:prime
C:\Users\pen253\OneDrive - CSIRO\2022\Bytes for Bites Hackathon\Python-Marbling\images\prime (14).png,prime (14).png,prime (14).png,Prime,filename:prime
C:\Users\pen253\OneDrive - CSIRO\2022\Bytes for Bites Hackathon\Python-Marbling\images\prime (14).png,prime (14).png,prime (14).png,Prime,filename:prime
C:\Users\pen253\OneDrive - CSIRO\2022\Bytes for Bites Hackathon\Python-Marbling\images\prime (15).png,prime (15).png,prime (15).png,Prime,filename:prime
C:\Users\pen253\OneDrive - CSIRO\2022\Bytes for Bites Hackathon\Python-Marbling\images\prime (15).png,prime (15).png,prime (15).png,Prime,filename:prime
C:\Users\pen253\OneDrive - CSIRO\2022\Bytes for Bites Hackathon\Python-Marbling\images\prime (16).png,prime (16).png,prime (16).png,Prime,filename:prime
C:\Users\pen253\OneDrive - CSIRO\2022\Bytes for Bites Hackathon\Python-Marbling\images\prime (16).png,prime (16).png,prime (16).png,Prime,filename:prime
C:\Users\pen253\OneDrive - CSIRO\2022\Bytes for Bites Hackathon\Python-Marbling\images\prime (17).png,prime (17).png,prime (17).png,Prime,filename:prime
C:\Users\pen253\OneDrive - CSIRO\2022\Bytes for Bites Hackathon\Python-Marbling\images\prime (17).png,prime (17).png,prime (17).png,Prime,filename:prime
C:\Users\pen253\OneDrive - CSIRO\2022\Bytes for Bites Hackathon\Python-Marbling\images\prime (18).png,prime (18).png,prime (18).png,Prime,filename:prime
C:\Users\pen253\OneDrive - CSIRO\2022\Bytes for Bites Hackathon\Python-Marbling\images\prime (18).png,prime (18).png,prime (18).png,Prime,filename:prime
C:\Users\pen253\OneDrive - CSIRO\2022\Bytes for Bites Hackathon\Python-Marbling\images\prime (19).png,prime (19).png,prime (19).png,Prime,filename:prime
C:\Users\pen253\OneDrive - CSIRO\2022\Bytes for Bites Hackathon\Python-Marbling\images\prime (19).png,prime (19).png,prime (19).png,Prime,filename:prime
C:\Users\pen253\OneDrive - CSIRO\2022\Bytes for Bites Hackathon\Python-Marbling\images\prime (2).jpg,prime (2).jpg,prime (2).jpg,Prime,filename:prime
C:\Users\pen253\OneDrive - CSIRO\2022\Bytes for Bites Hackathon\Python-Marbling\images\prime (2).jpg,prime (2).jpg,prime (2).jpg,Prime,filename:prime
C:\Users\pen253\OneDrive - CSIRO\2022\Bytes for Bites Hackathon\Python-Marbling\images\prime (2).png,prime (2).png,prime (2).png,Prime,filename:prime
C:\Users\pen253\OneDrive - CSIRO\2022\Bytes for Bites Hackathon\Python-Marbling\images\prime (2).png,prime (2).png,prime (2).png,Prime,filename:prime
C:\Users\pen253\OneDrive - CSIRO\2022\Bytes for Bites Hackathon\Python-Marbling\images\prime (20).png,prime (20).png,prime (20).png,Prime,filename:prime
C:\Users\pen253\OneDrive - CSIRO\2022\Bytes for Bites Hackathon\Python-Marbling\images\prime (20).png,prime (20).png,prime (20).png,Prime,filename:prime
C:\Users\pen253\OneDrive - CSIRO\2022\Bytes for Bites Hackathon\Python-Marbling\images\prime (3).jpg,prime (3).jpg,prime (3).jpg,Prime,filename:prime
C:\Users\pen253\OneDrive - CSIRO\2022\Bytes for Bites Hackathon\Python-Marbling\images\prime (3).jpg,prime (3).jpg,prime (3).jpg,Prime,filename:prime
C:\Users\pen253\OneDrive - CSIRO\2022\Bytes for Bites Hackathon\Python-Marbling\images\prime (3).png,prime (3).png,prime (3).png,Prime,filename:prime
C:\Users\pen253\OneDrive - CSIRO\2022\Bytes for Bites Hackathon\Python-Marbling\images\prime (3).png,prime (3).png,prime (3).png,Prime,filename:prime
C:\Users\pen253\OneDrive - CSIRO\2022\Bytes for Bites Hackathon\Python-Marbling\images\prime (4).jpg,prime (4).jpg,prime (4).jpg,Prime,filename:prime
C:\Users\pen253\OneDrive - CSIRO\2022\Bytes for Bites Hackathon\Python-Marbling\images\prime (4).jpg,prime (4).jpg,prime (4).jpg,Prime,filename:prime
C:\Users\pen253\OneDrive - CSIRO\2022\Bytes for Bites Hackathon\Python-Marbling\images\prime (4).png,prime (4).png,prime (4).png,Prime,filename:prime
C:\Users\pen253\OneDrive - CSIRO\2022\Bytes for Bites Hackathon\Python-Marbling\images\prime (4).png,prime (4).png,prime (4).png,Prime,filename:prime
C:\Users\pen253\OneDrive - CSIRO\2022\Bytes for Bites Hackathon\Python-Marbling\images\prime (5).png,prime (5).png,prime (5).png,Prime,filename:prime
C:\Users\pen253\OneDrive - CSIRO\2022\Bytes for Bites Hackathon\Python-Marbling\images\prime (5).png,prime (5).png,prime (5).png,Prime,filename:prime
C:\Users\pen253\OneDrive - CSIRO\2022\Bytes for Bites Hackathon\Python-Marbling\images\prime (6).png,prime (6).png,prime (6).png,Prime,filename:prime
C:\Users\pen253\OneDrive - CSIRO\2022\Bytes for Bites Hackathon\Python-Marbling\images\prime (6).png,prime (6).png,prime (6).png,Prime,filename:prime
C:\Users\pen253\OneDrive - CSIRO\2022\Bytes for Bites Hackathon\Python-Marbling\images\prime (7).png,prime (7).png,prime (7).png,Prime,filename:prime
C:\Users\pen253\OneDrive - CSIRO\2022\Bytes for Bites Hackathon\Python-Marbling\images\prime (7).png,prime (7).png,prime (7).png,Prime,filename:prime
C:\Users\pen253\OneDrive - CSIRO\2022\Bytes for Bites Hackathon\Python-Marbling\images\prime (8).png,prime (8).png,prime (8).png,Prime,filename:prime
C:\Users\pen253\OneDrive - CSIRO\2022\Bytes for Bites Hackathon\Python-Marbling\images\prime (8).png,prime (8).png,prime (8).png,Prime,filename:prime
C:\Users\pen253\OneDrive - CSIRO\2022\Bytes for Bites Hackathon\Python-Marbling\images\prime (9).png,prime (9).png,prime (9).png,Prime,filename:prime
C:\Users\pen253\OneDrive - CSIRO\2022\Bytes for Bites Hackathon\Python-Marbling\images\prime (9).png,prime (9).png,prime (9).png,Prime,filename:prime
C:\Users\pen253\OneDrive - CSIRO\2022\Bytes for Bites Hackathon\Python-Marbling\images\prime.jpg,prime.jpg,prime.jpg,Prime,filename:prime
C:\Users\pen253\OneDrive - CSIRO\2022\Bytes for Bites Hackathon\Python-Marbling\images\prime.jpg,prime.jpg,prime.jpg,Prime,filename:prime
C:\Users\pen253\OneDrive - CSIRO\2022\Bytes for Bites Hackathon\Python-Marbling\images\prime2.png,prime2.png,prime2.png,Prime,filename:prime
C:\Users\pen253\OneDrive - CSIRO\2022\Bytes for Bites Hackathon\Python-Marbling\images\prime2.png,prime2.png,prime2.png,Prime,filename:prime
C:\Users\pen253\OneDrive - CSIRO\2022\Bytes for Bites Hackathon\Python-Marbling\images\select (1).jpg,select (1).jpg,select (1).jpg,Select,filename:select
C:\Users\pen253\OneDrive - CSIRO\2022\Bytes for Bites Hackathon\Python-Marbling\images\select (1).jpg,select (1).jpg,select (1).jpg,Select,filename:select
C:\Users\pen253\OneDrive - CSIRO\2022\Bytes for Bites Hackathon\Python-Marbling\images\select (1).png,select (1).png,select (1).png,Select,filename:select
C:\Users\pen253\OneDrive - CSIRO\2022\Bytes for Bites Hackathon\Python-Marbling\images\select (1).png,select (1).png,select (1).png,Select,filename:select
C:\Users\pen253\OneDrive - CSIRO\2022\Bytes for Bites Hackathon\Python-Marbling\images\select (2).png,select (2).png,select (2).png,Select,filename:select
C:\Users\pen253\OneDrive - CSIRO\2022\Bytes for Bites Hackathon\Python-Marbling\images\select (2).png,select (2).png,select (2).png,Select,filename:select
C:\Users\pen253\OneDrive - CSIRO\2022\Bytes for Bites Hackathon\Python-Marbling\images\select (3).png,select (3).png,select (3).png,Select,filename:select
C:\Users\pen253\OneDrive - CSIRO\2022\Bytes for Bites Hackathon\Python-Marbling\images\select (3).png,select (3).png,select (3).png,Select,filename:select
C:\Users\pen253\OneDrive - CSIRO\2022\Bytes for Bites Hackathon\Python-Marbling\images\select1.jpeg,select1.jpeg,select1.jpeg,Select,filename:select
C:\Users\pen253\OneDrive - CSIRO\2022\Bytes for Bites Hackathon\Python-Marbling\images\select1.jpeg,select1.jpeg,select1.jpeg,Select,filename:select
C:\Users\pen253\OneDrive - CSIRO\2022\Bytes for Bites Hackathon\Python-Marbling\images\select1.jpg,select1.jpg,select1.jpg,Select,filename:select
C:\Users\pen253\OneDrive - CSIRO\2022\Bytes for Bites Hackathon\Python-Marbling\images\select1.jpg,select1.jpg,select1.jpg,Select,filename:select
C:\Users\pen253\OneDrive - CSIRO\2022\Bytes for Bites Hackathon\Python-Marbling\images\select6.png,select6.png,select6.png,Select,filename:select
C:\Users\pen253\OneDrive - CSIRO\2022\Bytes for Bites Hackathon\Python-Marbling\images\select6.png,select6.png,select6.png,Select,filename:select
C:\Users\pen253\OneDrive - CSIRO\2022\Bytes for Bites Hackathon\Python-Marbling\images\select7.png,select7.png,select7.png,Select,filename:select
C:\Users\pen253\OneDrive - CSIRO\2022\Bytes for Bites Hackathon\Python-Marbling\images\select7.png,select7.png,select7.png,Select,filename:select
C:\Users\pen253\OneDrive - CSIRO\2022\Bytes for Bites Hackathon\Python-Marbling\images\wagyu (clean).jpg,wagyu (clean).jpg,wagyu (clean).jpg,Wagyu,filename:wagyu
C:\Users\pen253\OneDrive - CSIRO\2022\Bytes for Bites Hackathon\Python-Marbling\images\wagyu (clean).jpg,wagyu (clean).jpg,wagyu (clean).jpg,Wagyu,filename:wagyu
C:\Users\pen253\OneDrive - CSIRO\2022\Bytes for Bites Hackathon\Python-Marbling\images\wagyu_PXL_20250908_063453895.jpg,wagyu_PXL_20250908_063453895.jpg,wagyu_PXL_20250908_063453895.jpg,Wagyu,filename:wagyu
C:\Users\pen253\OneDrive - CSIRO\2022\Bytes for Bites Hackathon\Python-Marbling\images\wagyu_PXL_20250908_063453895.jpg,wagyu_PXL_20250908_063453895.jpg,wagyu_PXL_20250908_063453895.jpg,Wagyu,filename:wagyu
C:\Users\pen253\OneDrive - CSIRO\2022\Bytes for Bites Hackathon\Python-Marbling\images\wagyu_PXL_20250908_063505201.jpg,wagyu_PXL_20250908_063505201.jpg,wagyu_PXL_20250908_063505201.jpg,Wagyu,filename:wagyu
C:\Users\pen253\OneDrive - CSIRO\2022\Bytes for Bites Hackathon\Python-Marbling\images\wagyu_PXL_20250908_063505201.jpg,wagyu_PXL_20250908_063505201.jpg,wagyu_PXL_20250908_063505201.jpg,Wagyu,filename:wagyu
C:\Users\pen253\OneDrive - CSIRO\2022\Bytes for Bites Hackathon\Python-Marbling\images\wagyu_PXL_20250908_063540486.jpg,wagyu_PXL_20250908_063540486.jpg,wagyu_PXL_20250908_063540486.jpg,Wagyu,filename:wagyu
C:\Users\pen253\OneDrive - CSIRO\2022\Bytes for Bites Hackathon\Python-Marbling\images\wagyu_PXL_20250908_063540486.jpg,wagyu_PXL_20250908_063540486.jpg,wagyu_PXL_20250908_063540486.jpg,Wagyu,filename:wagyu
C:\Users\pen253\OneDrive - CSIRO\2022\Bytes for Bites Hackathon\Python-Marbling\images\wagyu_PXL_20250908_063542546.jpg,wagyu_PXL_20250908_063542546.jpg,wagyu_PXL_20250908_063542546.jpg,Wagyu,filename:wagyu
C:\Users\pen253\OneDrive - CSIRO\2022\Bytes for Bites Hackathon\Python-Marbling\images\wagyu_PXL_20250908_063542546.jpg,wagyu_PXL_20250908_063542546.jpg,wagyu_PXL_20250908_063542546.jpg,Wagyu,filename:wagyu
C:\Users\pen253\OneDrive - CSIRO\2022\Bytes for Bites Hackathon\Python-Marbling\images\wagyu_PXL_20250908_063544561.jpg,wagyu_PXL_20250908_063544561.jpg,wagyu_PXL_20250908_063544561.jpg,Wagyu,filename:wagyu
C:\Users\pen253\OneDrive - CSIRO\2022\Bytes for Bites Hackathon\Python-Marbling\images\wagyu_PXL_20250908_063544561.jpg,wagyu_PXL_20250908_063544561.jpg,wagyu_PXL_20250908_063544561.jpg,Wagyu,filename:wagyu
C:\Users\pen253\OneDrive - CSIRO\2022\Bytes for Bites Hackathon\Python-Marbling\images\wagyu_PXL_20250908_063547783.jpg,wagyu_PXL_20250908_063547783.jpg,wagyu_PXL_20250908_063547783.jpg,Wagyu,filename:wagyu
C:\Users\pen253\OneDrive - CSIRO\2022\Bytes for Bites Hackathon\Python-Marbling\images\wagyu_PXL_20250908_063547783.jpg,wagyu_PXL_20250908_063547783.jpg,wagyu_PXL_20250908_063547783.jpg,Wagyu,filename:wagyu
C:\Users\pen253\OneDrive - CSIRO\2022\Bytes for Bites Hackathon\Python-Marbling\images\wagyu_PXL_20250908_063601417.jpg,wagyu_PXL_20250908_063601417.jpg,wagyu_PXL_20250908_063601417.jpg,Wagyu,filename:wagyu
C:\Users\pen253\OneDrive - CSIRO\2022\Bytes for Bites Hackathon\Python-Marbling\images\wagyu_PXL_20250908_063601417.jpg,wagyu_PXL_20250908_063601417.jpg,wagyu_PXL_20250908_063601417.jpg,Wagyu,filename:wagyu
C:\Users\pen253\OneDrive - CSIRO\2022\Bytes for Bites Hackathon\Python-Marbling\images\wagyu_PXL_20250908_063840425.jpg,wagyu_PXL_20250908_063840425.jpg,wagyu_PXL_20250908_063840425.jpg,Wagyu,filename:wagyu
C:\Users\pen253\OneDrive - CSIRO\2022\Bytes for Bites Hackathon\Python-Marbling\images\wagyu_PXL_20250908_063840425.jpg,wagyu_PXL_20250908_063840425.jpg,wagyu_PXL_20250908_063840425.jpg,Wagyu,filename:wagyu
